"","member","district","trump_score","tspred","ts.vs.replace","tsvr.rank"
"1","Henry Cuellar","TX-28",63,24,39,1
"2","Kyrsten Sinema","AZ-09",50,20,30,2
"3","Collin C. Peterson","MN-07",63,36,28,3
"4","Jim Costa","CA-16",38,21,17,4
"5","Tom O’Halleran","AZ-01",42,28,14,5
"6","Daniel Lipinski","IL-03",33,19,13,6
"7","Josh Gottheimer","NJ-05",41,28,13,7
"8","J. Luis Correa","CA-46",29,17,12,8
"9","Stephanie N. Murphy","FL-07",36,25,11,9
"10","Scott H. Peters","CA-52",29,20,9,10
"11","Bradley Scott Schneider","IL-10",25,17,9,11
"12","Jimmy Panetta","CA-20",20,12,8,12
"13","Charlie Crist","FL-13",32,24,8,13
"14","Earl Blumenauer","OR-03",16,9,8,14
"15","Sanford D. Bishop Jr.","GA-02",33,25,7,15
"16","Mike Quigley","IL-05",19,12,7,16
"17","Gene Green","TX-29",23,16,7,17
"18","Jim Cooper","TN-05",27,20,7,18
"19","Kurt Schrader","OR-05",28,21,6,19
"20","C. A. Dutch Ruppersberger","MD-02",24,18,5,20
"21","Stephen F. Lynch","MA-08",21,16,5,21
"22","Salud O. Carbajal","CA-24",24,19,5,22
"23","Mike Thompson","CA-05",16,11,5,23
"24","Gregory W. Meeks","NY-05",18,13,5,24
"25","Albio Sires","NJ-08",20,15,5,25
"26","Jackie Speier","CA-14",17,13,4,26
"27","Wm. Lacy Clay","MO-01",16,11,4,27
"28","Peter Welch","VT-AL",14,9,4,28
"29","Adam B. Schiff","CA-28",17,13,4,29
"30","Anna G. Eshoo","CA-18",16,11,4,30
"31","Gerald E. Connolly","VA-11",20,16,4,31
"32","Michael E. Capuano","MA-07",14,10,4,32
"33","Nancy Pelosi","CA-12",14,11,4,33
"34","Brad Sherman","CA-30",17,14,4,34
"35","Jacky Rosen","NV-03",31,28,3,35
"36","Carolyn B. Maloney","NY-12",14,10,3,36
"37","William R. Keating","MA-09",22,19,3,37
"38","Robert A. Brady","PA-01",14,10,3,38
"39","David Scott","GA-13",20,16,3,39
"40","Lucille Roybal-Allard","CA-40",16,12,3,40
"41","Tulsi Gabbard","HI-02",21,18,3,41
"42","Jared Huffman","CA-02",12,9,3,42
"43","Beto O’Rourke","TX-16",22,19,3,43
"44","Jerrold Nadler","NY-10",14,11,3,44
"45","Al Lawson Jr.","FL-05",22,20,3,45
"46","Pramila Jayapal","WA-07",10,8,2,46
"47","Eric Swalwell","CA-15",17,15,2,47
"48","Raul Ruiz","CA-36",27,25,2,48
"49","Donald S. Beyer Jr.","VA-08",16,14,2,49
"50","Michael F. Doyle","PA-14",15,13,2,50
"51","Cheri Bustos","IL-17",25,23,2,51
"52","Joyce Beatty","OH-03",15,13,2,52
"53","Doris O. Matsui","CA-06",15,13,2,53
"54","Seth Moulton","MA-06",19,17,2,54
"55","Raja Krishnamoorthi","IL-08",20,19,2,55
"56","Ami Bera","CA-07",24,22,1,56
"57","Julia Brownley","CA-26",21,20,1,57
"58","Ron Kind","WI-03",25,24,1,58
"59","Derek Kilmer","WA-06",19,17,1,59
"60","Bobby L. Rush","IL-01",15,13,1,60
"61","Eddie Bernice Johnson","TX-30",15,14,1,61
"62","Mark Pocan","WI-02",12,11,1,62
"63","Brian Higgins","NY-26",19,18,1,63
"64","Rick Larsen","WA-02",15,14,1,64
"65","Tony Cárdenas","CA-29",14,13,1,65
"66","Zoe Lofgren","CA-19",15,14,1,66
"67","Ed Perlmutter","CO-07",20,19,1,67
"68","Marc A. Veasey","TX-33",16,15,1,68
"69","Gwen Moore","WI-04",12,11,1,69
"70","Katherine M. Clark","MA-05",13,12,1,70
"71","John K. Delaney","MD-06",22,22,1,71
"72","Terri A. Sewell","AL-07",17,16,1,72
"73","Brenda L. Lawrence","MI-14",14,13,1,73
"74","Hank Johnson Jr.","GA-04",16,15,1,74
"75","Dwight Evans","PA-02",12,12,1,75
"76","Donald Norcross","NJ-01",17,17,1,76
"77","Debbie Dingell","MI-12",15,15,0,77
"78","Marcy Kaptur","OH-09",16,15,0,78
"79","Joseph Crowley","NY-14",14,14,0,79
"80","Hakeem S. Jeffries","NY-08",14,13,0,80
"81","Norma J. Torres","CA-35",17,17,0,81
"82","G. K. Butterfield","NC-01",17,17,0,82
"83","Brendan F. Boyle","PA-13",15,15,0,83
"84","Ruben Gallego","AZ-07",14,14,0,84
"85","Steve Cohen","TN-09",14,13,0,85
"86","Susan A. Davis","CA-53",17,17,0,86
"87","John B. Larson","CT-01",18,18,0,87
"88","Betty McCollum","MN-04",14,14,0,88
"89","Anthony G. Brown","MD-04",14,14,0,89
"90","Bill Pascrell Jr.","NJ-09",19,19,0,90
"91","Nanette Diaz Barragán","CA-44",12,12,0,91
"92","Richard E. Neal","MA-01",15,15,0,92
"93","Ann M. Kuster","NH-02",22,22,0,93
"94","Val Butler Demings","FL-10",20,21,0,94
"95","Keith Ellison","MN-05",8,9,0,95
"96","Suzanne Bonamici","OR-01",15,16,0,96
"97","Robin L. Kelly","IL-02",12,12,0,97
"98","Frederica S. Wilson","FL-24",14,14,0,98
"99","Adam Smith","WA-09",12,13,0,99
"100","David N. Cicilline","RI-01",15,16,0,100
"101","Eliot L. Engel","NY-16",14,14,0,101
"102","Ted Lieu","CA-33",14,15,0,102
"103","James A. Himes","CT-04",19,20,-1,103
"104","José E. Serrano","NY-15",12,13,-1,104
"105","Marcia L. Fudge","OH-11",10,11,-1,105
"106","Grace Meng","NY-06",19,20,-1,106
"107","Sheila Jackson Lee","TX-18",14,15,-1,107
"108","David E. Price","NC-04",15,16,-1,108
"109","John P. Sarbanes","MD-03",15,17,-1,109
"110","Bill Foster","IL-11",17,18,-1,110
"111","Elijah E. Cummings","MD-07",13,14,-1,111
"112","Donald M. Payne Jr.","NJ-10",11,12,-1,112
"113","Peter A. DeFazio","OR-04",21,22,-1,113
"114","Karen Bass","CA-37",11,12,-1,114
"115","Nydia M. Velázquez","NY-07",10,12,-1,115
"116","Danny K. Davis","IL-07",11,12,-2,116
"117","Al Green","TX-09",14,15,-2,117
"118","Joseph P. Kennedy III","MA-04",13,15,-2,118
"119","Vicente Gonzalez","TX-15",25,27,-2,119
"120","Denny Heck","WA-10",17,19,-2,120
"121","Bobby Scott","VA-03",15,17,-2,121
"122","Niki Tsongas","MA-03",14,16,-2,122
"123","Diana DeGette","CO-01",10,13,-2,123
"124","Suzan K. DelBene","WA-01",15,18,-2,124
"125","Chellie Pingree","ME-01",14,16,-2,125
"126","Luis V. Gutiérrez","IL-04",9,12,-2,126
"127","Joe Courtney","CT-02",20,23,-3,127
"128","Mark DeSaulnier","CA-11",10,13,-3,128
"129","John A. Yarmuth","KY-03",17,20,-3,129
"130","Ruben J. Kihuen","NV-04",22,25,-3,130
"131","Yvette D. Clarke","NY-09",10,13,-3,131
"132","Barbara Lee","CA-13",8,11,-3,132
"133","Pete Aguilar","CA-31",19,22,-3,133
"134","Ro Khanna","CA-17",14,17,-3,134
"135","Thomas R. Suozzi","NY-03",23,26,-3,135
"136","Alan S. Lowenthal","CA-47",16,19,-3,136
"137","Lloyd Doggett","TX-35",15,18,-3,137
"138","David Loebsack","IA-02",22,25,-3,138
"139","Dina Titus","NV-01",14,17,-3,139
"140","Lois Frankel","FL-21",17,20,-3,140
"141","Steny H. Hoyer","MD-05",14,17,-3,141
"142","Janice D. Schakowsky","IL-09",10,13,-3,142
"143","Juan Vargas","CA-51",12,15,-3,143
"144","Cedric L. Richmond","LA-02",11,14,-3,144
"145","Alma S. Adams","NC-12",14,17,-3,145
"146","Darren Soto","FL-09",20,24,-4,146
"147","Paul Tonko","NY-20",16,19,-4,147
"148","Michelle Lujan Grisham","NM-01",17,21,-4,148
"149","Alcee L. Hastings","FL-20",9,13,-4,149
"150","Linda T. Sánchez","CA-38",14,18,-4,150
"151","Tim Ryan","OH-13",17,21,-4,151
"152","James P. McGovern","MA-02",12,16,-4,152
"153","Jerry McNerney","CA-09",17,21,-4,153
"154","Sean Patrick Maloney","NY-18",24,28,-4,154
"155","Grace F. Napolitano","CA-32",13,18,-4,155
"156","Elizabeth H. Esty","CT-05",20,25,-5,156
"157","Lisa Blunt Rochester","DE-AL",17,22,-5,157
"158","Jared Polis","CO-02",12,17,-5,158
"159","James R. Langevin","RI-02",17,22,-5,159
"160","John Lewis","GA-05",9,13,-5,160
"161","John Garamendi","CA-03",17,22,-5,161
"162","Adriano Espaillat","NY-13",8,14,-5,162
"163","Peter J. Visclosky","IN-01",15,21,-5,163
"164","André Carson","IN-07",12,18,-5,164
"165","Carol Shea-Porter","NH-01",19,24,-5,165
"166","Mark Takano","CA-41",14,19,-5,166
"167","James E. Clyburn","SC-06",12,17,-6,167
"168","Emanuel Cleaver","MO-05",15,21,-6,168
"169","Nita M. Lowey","NY-17",15,21,-6,169
"170","Judy Chu","CA-27",14,19,-6,170
"171","Maxine Waters","CA-43",8,14,-6,171
"172","Kathy Castor","FL-14",17,23,-6,172
"173","Ben Ray Luján","NM-03",15,22,-6,173
"174","Rosa L. DeLauro","CT-03",14,21,-6,174
"175","A. Donald McEachin","VA-04",14,21,-6,175
"176","Jamie Raskin","MD-08",10,17,-7,176
"177","Daniel T. Kildee","MI-05",16,22,-7,177
"178","Joaquin Castro","TX-20",16,22,-7,178
"179","Bennie G. Thompson","MS-02",14,21,-7,179
"180","Matt Cartwright","PA-17",22,30,-7,180
"181","Sander M. Levin","MI-09",14,21,-8,181
"182","Filemon Vela","TX-34",18,25,-8,182
"183","Louise McIntosh Slaughter","NY-25",12,20,-8,183
"184","Theodore E. Deutch","FL-22",14,23,-8,184
"185","Colleen Hanabusa","HI-01",14,22,-9,185
"186","Debbie Wasserman Schultz","FL-23",12,21,-9,186
"187","Richard M. Nolan","MN-08",20,29,-9,187
"188","Bonnie Watson Coleman","NJ-12",8,18,-10,188
"189","Raúl M. Grijalva","AZ-03",8,19,-10,189
"190","Timothy J. Walz","MN-01",19,30,-10,190
"191","Kathleen M. Rice","NY-04",15,26,-10,191
"192","Frank Pallone Jr.","NJ-06",10,24,-14,192
